,path,original_transcript,noise_type,asr_transcript,translation
0,samples_with_noise_snr5/common_voice_uk_32857863_bus.wav,я чув і знав лиш одне,bus,я чув і знов лиш одне дома,I only heard one at home.
1,samples_with_noise_snr5/common_voice_uk_32857863_cafeteria.wav,я чув і знав лиш одне,cafeteria,я чи пізнав лиш не дає,I don't know if it's worth it.
2,samples_with_noise_snr5/common_voice_uk_32857863_car.wav,я чув і знав лиш одне,car,я чув і знав лиш одне,I heard and knew only one thing.
3,samples_with_noise_snr5/common_voice_uk_32857863_field.wav,я чув і знав лиш одне,field,я чув і знав лиш одне,I heard and knew only one thing.
4,samples_with_noise_snr5/common_voice_uk_32857863_hallway.wav,я чув і знав лиш одне,hallway,я чув і знов лише не,I heard it and not again.
5,samples_with_noise_snr5/common_voice_uk_32857863_kitchen.wav,я чув і знав лиш одне,kitchen,я чув і знов лусне,I've heard it and I've heard it again.
6,samples_with_noise_snr5/common_voice_uk_32857863_living.wav,я чув і знав лиш одне,living,я чув і знов лиш одна,I heard it again and only one.
7,samples_with_noise_snr5/common_voice_uk_32857863_meeting.wav,я чув і знав лиш одне,meeting,а собачі віз на лишенеавудвос лиш,A dog's visa for the freewoodvos only
8,samples_with_noise_snr5/common_voice_uk_32857863_metro.wav,я чув і знав лиш одне,metro,я чув і знав лиш одне,I heard and knew only one thing.
9,samples_with_noise_snr5/common_voice_uk_32857863_office.wav,я чув і знав лиш одне,office,я чув і знов лиш одне,I heard one thing again.
10,samples_with_noise_snr5/common_voice_uk_32857863_park.wav,я чув і знав лиш одне,park,я чув і знав лише не,I heard and I just didn’t know.
11,samples_with_noise_snr5/common_voice_uk_32857863_resto.wav,я чув і знав лиш одне,resto,дячувізнагло жона,UncleNaughty Wife
12,samples_with_noise_snr5/common_voice_uk_32857863_river.wav,я чув і знав лиш одне,river,я чув і знав лиш одне,I heard and knew only one thing.
13,samples_with_noise_snr5/common_voice_uk_32857863_square.wav,я чув і знав лиш одне,square,я чув і знов лиш одне,I heard one thing again.
14,samples_with_noise_snr5/common_voice_uk_32857863_station.wav,я чув і знав лиш одне,station,я чув і знов лиш одне,I heard one thing again.
15,samples_with_noise_snr5/common_voice_uk_32857863_traffic.wav,я чув і знав лиш одне,traffic,я чув і знав лиш одне,I heard and knew only one thing.
16,samples_with_noise_snr5/common_voice_uk_32857863_washing.wav,я чув і знав лиш одне,washing,я чув і знав лиш одне,I heard and knew only one thing.
17,samples_with_noise_snr5/common_voice_uk_32327955_bus.wav,бойка дивує цей неймовірний тон але йому зовсім він не до вподоби,bus,войстабдивується й небо вірно вона але му зовсім він не був по доби,"The sky is falling and it is true, but he was not at all for a day."
18,samples_with_noise_snr5/common_voice_uk_32327955_cafeteria.wav,бойка дивує цей неймовірний тон але йому зовсім він не до вподоби,cafeteria,бо подивиться не вірно але на зовсім він не був та аби,"For he will not look right, but he was not at all."
19,samples_with_noise_snr5/common_voice_uk_32327955_car.wav,бойка дивує цей неймовірний тон але йому зовсім він не до вподоби,car,бойко дивується і ними вірником а ломи зовсім він не був по доби,"He was surprised and faithful to them, and loma, he was not at all for a day."
20,samples_with_noise_snr5/common_voice_uk_32327955_field.wav,бойка дивує цей неймовірний тон але йому зовсім він не до вподоби,field,бойко дивують ся і ними вірні конем але мо зовсім він не був по доби,"They are surprised and loyal to the horse, but he was not at all for a day."
21,samples_with_noise_snr5/common_voice_uk_32327955_hallway.wav,бойка дивує цей неймовірний тон але йому зовсім він не до вподоби,hallway,бойко дивується і ними вірно вони а вимозовсім він не був по доби,"They are surprised and they are right, and he was not out of the day."
22,samples_with_noise_snr5/common_voice_uk_32327955_kitchen.wav,бойка дивує цей неймовірний тон але йому зовсім він не до вподоби,kitchen,бо й та дивує вся і нині конем алемозовсім він не був по доби,because it is surprising all and now the horse is alemosovsim he was not up to the day
23,samples_with_noise_snr5/common_voice_uk_32327955_living.wav,бойка дивує цей неймовірний тон але йому зовсім він не до вподоби,living,вода дивує самі вінком але морозом він не битабаба,water surprises itself with a wreath but with frost it is not bitababa
24,samples_with_noise_snr5/common_voice_uk_32327955_meeting.wav,бойка дивує цей неймовірний тон але йому зовсім він не до вподоби,meeting,але тренуються ними вінком але зовсім він не досадобовені знали коза а,but they train with a wreath but he did not know the goat at all
25,samples_with_noise_snr5/common_voice_uk_32327955_metro.wav,бойка дивує цей неймовірний тон але йому зовсім він не до вподоби,metro,весь та дивується і ними вірнком але мо зовсім він не був по доби,"all and wonder and they are faithful, but mo at all he was not for a day"
26,samples_with_noise_snr5/common_voice_uk_32327955_office.wav,бойка дивує цей неймовірний тон але йому зовсім він не до вподоби,office,бойко дивують ся і ними вірні тон але мо зовсім він не був подоби,Boyko surprised and they are true tone but mo at all he was not like
27,samples_with_noise_snr5/common_voice_uk_32327955_park.wav,бойка дивує цей неймовірний тон але йому зовсім він не до вподоби,park,але то дивуюся не у він вона але не досі він не було добре ліниві і діда,but then I wonder not at he she but not yet he was not well lazy and grandfather
28,samples_with_noise_snr5/common_voice_uk_32327955_resto.wav,бойка дивує цей неймовірний тон але йому зовсім він не до вподоби,resto,ось добивається невірна але не досі він не по аби,"He's wrong, but he's not wrong."
29,samples_with_noise_snr5/common_voice_uk_32327955_river.wav,бойка дивує цей неймовірний тон але йому зовсім він не до вподоби,river,бойко дивується й ними вірні том але мо зовсім він не був по доби,"Tom is surprised and loyal to them, but he was not at all up to the day."
30,samples_with_noise_snr5/common_voice_uk_32327955_square.wav,бойка дивує цей неймовірний тон але йому зовсім він не до вподоби,square,вода дивується і неймовірний вона але ми зовсім він не боподоби,water is amazing and incredible it is but we are not divine at all
31,samples_with_noise_snr5/common_voice_uk_32327955_station.wav,бойка дивує цей неймовірний тон але йому зовсім він не до вподоби,station,бойко дивують сей ми вінком але не зовсім він не по по доби,"We are surprised by this wreath, but it is not quite on the day."
32,samples_with_noise_snr5/common_voice_uk_32327955_traffic.wav,бойка дивує цей неймовірний тон але йому зовсім він не до вподоби,traffic,бойко дивуюся й немовірни воно а омазовсім вінниповадоб,I'm amazed and incredible it's an omazovom vinnipadob
33,samples_with_noise_snr5/common_voice_uk_32327955_washing.wav,бойка дивує цей неймовірний тон але йому зовсім він не до вподоби,washing,бойко дивується й ними вірний тон але мо зовсім він не був по доби,"I'm surprised and they have the right tone, but he wasn't there at all."
34,samples_with_noise_snr5/common_voice_uk_29194547_bus.wav,камрад покірно ліг і поклавши голову на лапи зітхнув,bus,камрад покірно ліг і поклавши голову на лапи зітхнув,marrad meekly lay down and put his head on his paws sighed
35,samples_with_noise_snr5/common_voice_uk_29194547_cafeteria.wav,камрад покірно ліг і поклавши голову на лапи зітхнув,cafeteria,камрад покірно ліг і поклавши голову на лапи зітхнув,marrad meekly lay down and put his head on his paws sighed
36,samples_with_noise_snr5/common_voice_uk_29194547_car.wav,камрад покірно ліг і поклавши голову на лапи зітхнув,car,камрад покірно ліг і поклавши голову на лапи зітхнув,marrad meekly lay down and put his head on his paws sighed
37,samples_with_noise_snr5/common_voice_uk_29194547_field.wav,камрад покірно ліг і поклавши голову на лапи зітхнув,field,камрад покірно ліг і поклавши голову на лапи зітхнув,marrad meekly lay down and put his head on his paws sighed
38,samples_with_noise_snr5/common_voice_uk_29194547_hallway.wav,камрад покірно ліг і поклавши голову на лапи зітхнув,hallway,камрад покірно ліг і поклавши голову на лапи зітхнув,marrad meekly lay down and put his head on his paws sighed
39,samples_with_noise_snr5/common_voice_uk_29194547_kitchen.wav,камрад покірно ліг і поклавши голову на лапи зітхнув,kitchen,камрад покірно ліс і поклавши голову на лапи зітхнув,marrad meekly forest and putting his head on his paws sighed
40,samples_with_noise_snr5/common_voice_uk_29194547_living.wav,камрад покірно ліг і поклавши голову на лапи зітхнув,living,камрад покірно ліг і поклавши голову на лапи зітхнув,marrad meekly lay down and put his head on his paws sighed
41,samples_with_noise_snr5/common_voice_uk_29194547_meeting.wav,камрад покірно ліг і поклавши голову на лапи зітхнув,meeting,камрад покірно ліг і поклавши голову на лапи зітхнув не полем з на,marrad meekly lay down and putting his head on his paws sighed not with a field of
42,samples_with_noise_snr5/common_voice_uk_29194547_metro.wav,камрад покірно ліг і поклавши голову на лапи зітхнув,metro,камрад покірно ліг і поклавши голову на лапи зітхнув,marrad meekly lay down and put his head on his paws sighed
43,samples_with_noise_snr5/common_voice_uk_29194547_office.wav,камрад покірно ліг і поклавши голову на лапи зітхнув,office,камрад покірно ліг і поклавши голову на лапи зітхнув,marrad meekly lay down and put his head on his paws sighed
44,samples_with_noise_snr5/common_voice_uk_29194547_park.wav,камрад покірно ліг і поклавши голову на лапи зітхнув,park,камраз покірно ліг і поклавши голову на лапи зітхнув але дивом,kamaz meekly lay down and putting his head on his paws sighed but miraculously
45,samples_with_noise_snr5/common_voice_uk_29194547_resto.wav,камрад покірно ліг і поклавши голову на лапи зітхнув,resto,камрад покірно ліг і поклавши голову на лапи зітхнув,marrad meekly lay down and put his head on his paws sighed
46,samples_with_noise_snr5/common_voice_uk_29194547_river.wav,камрад покірно ліг і поклавши голову на лапи зітхнув,river,камрад покірно ліг і поклавши голову на лапи зітхнув,marrad meekly lay down and put his head on his paws sighed
47,samples_with_noise_snr5/common_voice_uk_29194547_square.wav,камрад покірно ліг і поклавши голову на лапи зітхнув,square,камрад покірно ліг і поклавши голову на лапи зітхнув,marrad meekly lay down and put his head on his paws sighed
48,samples_with_noise_snr5/common_voice_uk_29194547_station.wav,камрад покірно ліг і поклавши голову на лапи зітхнув,station,камрад покірно ліг і поклавши голову на лапи зітхнув,marrad meekly lay down and put his head on his paws sighed
49,samples_with_noise_snr5/common_voice_uk_29194547_traffic.wav,камрад покірно ліг і поклавши голову на лапи зітхнув,traffic,камрад покірно ліг і поклавши голову на лапи зітхнув,marrad meekly lay down and put his head on his paws sighed
50,samples_with_noise_snr5/common_voice_uk_29194547_washing.wav,камрад покірно ліг і поклавши голову на лапи зітхнув,washing,камрад покірно ліг і поклавши голову на лапи зітхнув,marrad meekly lay down and put his head on his paws sighed
51,samples_with_noise_snr5/common_voice_uk_25651279_bus.wav,відтоді я встиг об'їхати увесь світ,bus,відтоді я встиг об'їхати увесь світ,"Since then, I’ve traveled all over the world."
52,samples_with_noise_snr5/common_voice_uk_25651279_cafeteria.wav,відтоді я встиг об'їхати увесь світ,cafeteria,відтоді на сісти біг без світ а,"Since then, I’ve been running without a world."
53,samples_with_noise_snr5/common_voice_uk_25651279_car.wav,відтоді я встиг об'їхати увесь світ,car,відтоді я стих об'їхати увесь світ,"Since then, I have gone around the world."
54,samples_with_noise_snr5/common_voice_uk_25651279_field.wav,відтоді я встиг об'їхати увесь світ,field,відтоді я стих об'їхати увесь світ,"Since then, I have gone around the world."
55,samples_with_noise_snr5/common_voice_uk_25651279_hallway.wav,відтоді я встиг об'їхати увесь світ,hallway,відтоді товстих об'їхати увесь світ,"Since then, fat to go around the world"
56,samples_with_noise_snr5/common_voice_uk_25651279_kitchen.wav,відтоді я встиг об'їхати увесь світ,kitchen,відтоді а стих об'їхати увесь світ,"Since then, a poem to go around the world"
57,samples_with_noise_snr5/common_voice_uk_25651279_living.wav,відтоді я встиг об'їхати увесь світ,living,відтоді я встиг обігу бас,"Since then, I've had a run of bass."
58,samples_with_noise_snr5/common_voice_uk_25651279_meeting.wav,відтоді я встиг об'їхати увесь світ,meeting,а то там і тут товстих біг та висловів нивенізналмі казав а авонтофі,or there and here thick running and expressions niveniznalmi said avontofi
59,samples_with_noise_snr5/common_voice_uk_25651279_metro.wav,відтоді я встиг об'їхати увесь світ,metro,відтоді я встиг об'їхати увесь світ,"Since then, I’ve traveled all over the world."
60,samples_with_noise_snr5/common_voice_uk_25651279_office.wav,відтоді я встиг об'їхати увесь світ,office,відтоді я стих об'їхати увесь світ,"Since then, I have gone around the world."
61,samples_with_noise_snr5/common_voice_uk_25651279_park.wav,відтоді я встиг об'їхати увесь світ,park,відтоді простих ліг і висів а лідером виділа,"Since then, simple leagues and hung and the leader saw"
62,samples_with_noise_snr5/common_voice_uk_25651279_resto.wav,відтоді я встиг об'їхати увесь світ,resto,відтоді усіх вас,Since then all of you
63,samples_with_noise_snr5/common_voice_uk_25651279_river.wav,відтоді я встиг об'їхати увесь світ,river,відтоді я встиг об'їхати увесь світ,"Since then, I’ve traveled all over the world."
64,samples_with_noise_snr5/common_voice_uk_25651279_square.wav,відтоді я встиг об'їхати увесь світ,square,відтоді я встиг об'їхати увесь світ,"Since then, I’ve traveled all over the world."
65,samples_with_noise_snr5/common_voice_uk_25651279_station.wav,відтоді я встиг об'їхати увесь світ,station,відтоді я встиг об'їхати увесь світ,"Since then, I’ve traveled all over the world."
66,samples_with_noise_snr5/common_voice_uk_25651279_traffic.wav,відтоді я встиг об'їхати увесь світ,traffic,відтоді я стих об'їхати увесь світ,"Since then, I have gone around the world."
67,samples_with_noise_snr5/common_voice_uk_25651279_washing.wav,відтоді я встиг об'їхати увесь світ,washing,відтоді я стих об'їхати увесь світ,"Since then, I have gone around the world."
68,samples_with_noise_snr5/common_voice_uk_28716623_bus.wav,червоноармійці вхопили мої руки і скрутили назад,bus,червоноармійці вхопили мою руки і скрутили назад,The Red Army grabbed my hands and twisted me back.
69,samples_with_noise_snr5/common_voice_uk_28716623_cafeteria.wav,червоноармійці вхопили мої руки і скрутили назад,cafeteria,червоноармійці вхопили мою руки і скрутили назад,The Red Army grabbed my hands and twisted me back.
70,samples_with_noise_snr5/common_voice_uk_28716623_car.wav,червоноармійці вхопили мої руки і скрутили назад,car,червоноармійці вхопили мої руки і скрутили назад,The Red Army grabbed my hands and twisted me back.
71,samples_with_noise_snr5/common_voice_uk_28716623_field.wav,червоноармійці вхопили мої руки і скрутили назад,field,червоноармійці вхопили мою руки і скрутили назад,The Red Army grabbed my hands and twisted me back.
72,samples_with_noise_snr5/common_voice_uk_28716623_hallway.wav,червоноармійці вхопили мої руки і скрутили назад,hallway,червоноармійці вхопили мою руки і скрутили назад,The Red Army grabbed my hands and twisted me back.
73,samples_with_noise_snr5/common_voice_uk_28716623_kitchen.wav,червоноармійці вхопили мої руки і скрутили назад,kitchen,червоноармійці вхопили мені руки і скрутили назад,The Red Army grabbed my hands and twisted me back.
74,samples_with_noise_snr5/common_voice_uk_28716623_living.wav,червоноармійці вхопили мої руки і скрутили назад,living,червоноармійці вхопили мою руки і скрутили назад,The Red Army grabbed my hands and twisted me back.
75,samples_with_noise_snr5/common_voice_uk_28716623_meeting.wav,червоноармійці вхопили мої руки і скрутили назад,meeting,червоноармійці вхопили мої руки і скрутили назад і провідників,The Red Army grabbed my hands and twisted back and guides
76,samples_with_noise_snr5/common_voice_uk_28716623_metro.wav,червоноармійці вхопили мої руки і скрутили назад,metro,червоноармійці вхопили мою руки і скрутили назад,The Red Army grabbed my hands and twisted me back.
77,samples_with_noise_snr5/common_voice_uk_28716623_office.wav,червоноармійці вхопили мої руки і скрутили назад,office,червоноармійці вхопили мою руки і скрутили назад,The Red Army grabbed my hands and twisted me back.
78,samples_with_noise_snr5/common_voice_uk_28716623_park.wav,червоноармійці вхопили мої руки і скрутили назад,park,червоноармійці вхопили мої руки і скрутили назад ліди,The Red Army grabbed my hands and twisted back the leads
79,samples_with_noise_snr5/common_voice_uk_28716623_resto.wav,червоноармійці вхопили мої руки і скрутили назад,resto,червоноармійці вхопилимуу руку і скрутили назад,Red Army soldiers grab their hand and twist back
80,samples_with_noise_snr5/common_voice_uk_28716623_river.wav,червоноармійці вхопили мої руки і скрутили назад,river,червоноармійці вхопили мої руки і скрутили назад,The Red Army grabbed my hands and twisted me back.
81,samples_with_noise_snr5/common_voice_uk_28716623_square.wav,червоноармійці вхопили мої руки і скрутили назад,square,червоноармійці вхопили мою руки і скрутили назад,The Red Army grabbed my hands and twisted me back.
82,samples_with_noise_snr5/common_voice_uk_28716623_station.wav,червоноармійці вхопили мої руки і скрутили назад,station,червоноармійці вхопили мою руки і скрутили назад,The Red Army grabbed my hands and twisted me back.
83,samples_with_noise_snr5/common_voice_uk_28716623_traffic.wav,червоноармійці вхопили мої руки і скрутили назад,traffic,червоноармійці вхопили мою руки і скрутили назад,The Red Army grabbed my hands and twisted me back.
84,samples_with_noise_snr5/common_voice_uk_28716623_washing.wav,червоноармійці вхопили мої руки і скрутили назад,washing,червоноармійці вхопили мою руки і скрутили назад,The Red Army grabbed my hands and twisted me back.
85,samples_with_noise_snr5/common_voice_uk_26940711_bus.wav,і тут наперед приготуйтеся,bus,і тут наперед приготуйтеся,Get ready in advance.
86,samples_with_noise_snr5/common_voice_uk_26940711_cafeteria.wav,і тут наперед приготуйтеся,cafeteria,і тут наперед приготуйтеся,Get ready in advance.
87,samples_with_noise_snr5/common_voice_uk_26940711_car.wav,і тут наперед приготуйтеся,car,і тут наперед приготуйтеся,Get ready in advance.
88,samples_with_noise_snr5/common_voice_uk_26940711_field.wav,і тут наперед приготуйтеся,field,і тут наперед приготуйтеся,Get ready in advance.
89,samples_with_noise_snr5/common_voice_uk_26940711_hallway.wav,і тут наперед приготуйтеся,hallway,і тут наперед приготуйтеся,Get ready in advance.
90,samples_with_noise_snr5/common_voice_uk_26940711_kitchen.wav,і тут наперед приготуйтеся,kitchen,і тут наперед приготуйтеся,Get ready in advance.
91,samples_with_noise_snr5/common_voice_uk_26940711_living.wav,і тут наперед приготуйтеся,living,і тут наперед приготуйтеся,Get ready in advance.
92,samples_with_noise_snr5/common_voice_uk_26940711_meeting.wav,і тут наперед приготуйтеся,meeting,і тут наперед приготуйтеся у де сли,and here in advance get ready for where you are
93,samples_with_noise_snr5/common_voice_uk_26940711_metro.wav,і тут наперед приготуйтеся,metro,і тут наперед приготуйтеся,Get ready in advance.
94,samples_with_noise_snr5/common_voice_uk_26940711_office.wav,і тут наперед приготуйтеся,office,і тут наперед приготуйтеся,Get ready in advance.
95,samples_with_noise_snr5/common_voice_uk_26940711_park.wav,і тут наперед приготуйтеся,park,і тут наперед приготуйтеся,Get ready in advance.
96,samples_with_noise_snr5/common_voice_uk_26940711_resto.wav,і тут наперед приготуйтеся,resto,і тут на перерегууйтеся,and here on re-register
97,samples_with_noise_snr5/common_voice_uk_26940711_river.wav,і тут наперед приготуйтеся,river,і тут наперед приготуйтеся,Get ready in advance.
98,samples_with_noise_snr5/common_voice_uk_26940711_square.wav,і тут наперед приготуйтеся,square,і тут наперед приготуйтеся,Get ready in advance.
99,samples_with_noise_snr5/common_voice_uk_26940711_station.wav,і тут наперед приготуйтеся,station,і тут наперед приготуйтеся,Get ready in advance.
100,samples_with_noise_snr5/common_voice_uk_26940711_traffic.wav,і тут наперед приготуйтеся,traffic,і тут наперед приготуйтеся,Get ready in advance.
101,samples_with_noise_snr5/common_voice_uk_26940711_washing.wav,і тут наперед приготуйтеся,washing,і тут наперед приготуйтеся,Get ready in advance.
102,samples_with_noise_snr5/common_voice_uk_33459867_bus.wav,навіщо воно мені здалося,bus,навіщо вона може здалося,Why she might seem
103,samples_with_noise_snr5/common_voice_uk_33459867_cafeteria.wav,навіщо воно мені здалося,cafeteria,навіщо вона мені з до зося,Why is she with me to the zosya
104,samples_with_noise_snr5/common_voice_uk_33459867_car.wav,навіщо воно мені здалося,car,навіщо воно мені здалося,Why it seemed to me
105,samples_with_noise_snr5/common_voice_uk_33459867_field.wav,навіщо воно мені здалося,field,навіщо воно мені здалося,Why it seemed to me
106,samples_with_noise_snr5/common_voice_uk_33459867_hallway.wav,навіщо воно мені здалося,hallway,навіщо вона мені здалися,Why did she seem to me
107,samples_with_noise_snr5/common_voice_uk_33459867_kitchen.wav,навіщо воно мені здалося,kitchen,навіщо вона мені здалося,Why it seemed to me
108,samples_with_noise_snr5/common_voice_uk_33459867_living.wav,навіщо воно мені здалося,living,навіщо вона мені здалося,Why it seemed to me
109,samples_with_noise_snr5/common_voice_uk_33459867_meeting.wav,навіщо воно мені здалося,meeting,навіщо вона мені здалося а в до,Why did it seem to me a
110,samples_with_noise_snr5/common_voice_uk_33459867_metro.wav,навіщо воно мені здалося,metro,навіщо вона мені здалося,Why it seemed to me
111,samples_with_noise_snr5/common_voice_uk_33459867_office.wav,навіщо воно мені здалося,office,навіщо воно мені здалося,Why it seemed to me
112,samples_with_noise_snr5/common_voice_uk_33459867_park.wav,навіщо воно мені здалося,park,навіщо вона мені здалося,Why it seemed to me
113,samples_with_noise_snr5/common_voice_uk_33459867_resto.wav,навіщо воно мені здалося,resto,навіщо вона нас далося,Why she gave us
114,samples_with_noise_snr5/common_voice_uk_33459867_river.wav,навіщо воно мені здалося,river,навіщо воно мені здалося,Why it seemed to me
115,samples_with_noise_snr5/common_voice_uk_33459867_square.wav,навіщо воно мені здалося,square,навіщо воно мені здалося,Why it seemed to me
116,samples_with_noise_snr5/common_voice_uk_33459867_station.wav,навіщо воно мені здалося,station,навіщо вона мені здалося,Why it seemed to me
117,samples_with_noise_snr5/common_voice_uk_33459867_traffic.wav,навіщо воно мені здалося,traffic,навіщо воно мені здалося,Why it seemed to me
118,samples_with_noise_snr5/common_voice_uk_33459867_washing.wav,навіщо воно мені здалося,washing,навіщо воно мені здалося,Why it seemed to me
119,samples_with_noise_snr5/common_voice_uk_32413786_bus.wav,от за це люблю,bus,от за все люблю,for everything I love
120,samples_with_noise_snr5/common_voice_uk_32413786_cafeteria.wav,от за це люблю,cafeteria,от за це люблю,I love it for that.
121,samples_with_noise_snr5/common_voice_uk_32413786_car.wav,от за це люблю,car,от за це люблю,I love it for that.
122,samples_with_noise_snr5/common_voice_uk_32413786_field.wav,от за це люблю,field,от за це люблю,I love it for that.
123,samples_with_noise_snr5/common_voice_uk_32413786_hallway.wav,от за це люблю,hallway,от за це люди,Because of this people
124,samples_with_noise_snr5/common_voice_uk_32413786_kitchen.wav,от за це люблю,kitchen,от за це люблю,I love it for that.
125,samples_with_noise_snr5/common_voice_uk_32413786_living.wav,от за це люблю,living,і от за це люблю,and for that I love
126,samples_with_noise_snr5/common_voice_uk_32413786_meeting.wav,от за це люблю,meeting,а от ця люде люта а вуж,and from this people fierce and narrow
127,samples_with_noise_snr5/common_voice_uk_32413786_metro.wav,от за це люблю,metro,от за це люблю,I love it for that.
128,samples_with_noise_snr5/common_voice_uk_32413786_office.wav,от за це люблю,office,от за це люблю,I love it for that.
129,samples_with_noise_snr5/common_voice_uk_32413786_park.wav,от за це люблю,park,як ось за це люблю і гайдарі,That's why I love Gaidar.
130,samples_with_noise_snr5/common_voice_uk_32413786_resto.wav,от за це люблю,resto,от за земно,from behind the Earth
131,samples_with_noise_snr5/common_voice_uk_32413786_river.wav,от за це люблю,river,от за це люблю,I love it for that.
132,samples_with_noise_snr5/common_voice_uk_32413786_square.wav,от за це люблю,square,от за це люблю,I love it for that.
133,samples_with_noise_snr5/common_voice_uk_32413786_station.wav,от за це люблю,station,от за це люблю,I love it for that.
134,samples_with_noise_snr5/common_voice_uk_32413786_traffic.wav,от за це люблю,traffic,от за це люблю,I love it for that.
135,samples_with_noise_snr5/common_voice_uk_32413786_washing.wav,от за це люблю,washing,от за це люблю,I love it for that.
136,samples_with_noise_snr5/common_voice_uk_29092801_bus.wav,любуйся як дидона стогне,bus,любуйся як дидона стогне,Look at Dido moaning.
137,samples_with_noise_snr5/common_voice_uk_29092801_cafeteria.wav,любуйся як дидона стогне,cafeteria,любуйся як дидона стогне,Look at Dido moaning.
138,samples_with_noise_snr5/common_voice_uk_29092801_car.wav,любуйся як дидона стогне,car,любуйся як дидона стогне,Look at Dido moaning.
139,samples_with_noise_snr5/common_voice_uk_29092801_field.wav,любуйся як дидона стогне,field,любуйся як дидона стогне,Look at Dido moaning.
140,samples_with_noise_snr5/common_voice_uk_29092801_hallway.wav,любуйся як дидона стогне,hallway,любуйся як дидона стогне,Look at Dido moaning.
141,samples_with_noise_snr5/common_voice_uk_29092801_kitchen.wav,любуйся як дидона стогне,kitchen,любуйся як дидона стогне,Look at Dido moaning.
142,samples_with_noise_snr5/common_voice_uk_29092801_living.wav,любуйся як дидона стогне,living,любуйся як дидона стогне,Look at Dido moaning.
143,samples_with_noise_snr5/common_voice_uk_29092801_meeting.wav,любуйся як дидона стогне,meeting,любуйся як дидона стогне вудослискив провідних леніна казав а аонтофіл,Admire how didona moans voodoo leading lenin said aontophil
144,samples_with_noise_snr5/common_voice_uk_29092801_metro.wav,любуйся як дидона стогне,metro,любуйся як дидона стогне,Look at Dido moaning.
145,samples_with_noise_snr5/common_voice_uk_29092801_office.wav,любуйся як дидона стогне,office,любуйся як дидона стогне,Look at Dido moaning.
146,samples_with_noise_snr5/common_voice_uk_29092801_park.wav,любуйся як дидона стогне,park,любуйся як дидона стогне люди вони для,see how didona moan people they for
147,samples_with_noise_snr5/common_voice_uk_29092801_resto.wav,любуйся як дидона стогне,resto,любуйся як дидона стогне,Look at Dido moaning.
148,samples_with_noise_snr5/common_voice_uk_29092801_river.wav,любуйся як дидона стогне,river,любуйся як дидона стогне,Look at Dido moaning.
149,samples_with_noise_snr5/common_voice_uk_29092801_square.wav,любуйся як дидона стогне,square,любуйся як дидона стогне,Look at Dido moaning.
150,samples_with_noise_snr5/common_voice_uk_29092801_station.wav,любуйся як дидона стогне,station,любуйся як дидона стогне,Look at Dido moaning.
151,samples_with_noise_snr5/common_voice_uk_29092801_traffic.wav,любуйся як дидона стогне,traffic,любуйся як дидона стогне,Look at Dido moaning.
152,samples_with_noise_snr5/common_voice_uk_29092801_washing.wav,любуйся як дидона стогне,washing,любуйся як дидона стогне,Look at Dido moaning.
153,samples_with_noise_snr5/common_voice_uk_25828714_bus.wav,"повертаючись із орди, помер в дорозі великий володимирський князь ярослав ярославович",bus,повертаючись із орди помер в дорозі великий володимирський князь ярослав ярославович,Returning from the horde died on the road the great Vladimir prince Yaroslav Yaroslavovich
154,samples_with_noise_snr5/common_voice_uk_25828714_cafeteria.wav,"повертаючись із орди, помер в дорозі великий володимирський князь ярослав ярославович",cafeteria,повертаючись із орди помер в кориться великий володимирський князь ярослав ярославович,Returning from the horde died in obedience to the great Vladimir prince Yaroslav Yaroslavovich
155,samples_with_noise_snr5/common_voice_uk_25828714_car.wav,"повертаючись із орди, помер в дорозі великий володимирський князь ярослав ярославович",car,повертаючись із орди помер в дорозі великий володимирський князь ярослав ярославович,Returning from the horde died on the road the great Vladimir prince Yaroslav Yaroslavovich
156,samples_with_noise_snr5/common_voice_uk_25828714_field.wav,"повертаючись із орди, помер в дорозі великий володимирський князь ярослав ярославович",field,повертаючись із орди помер в дорозі великий володимирський князь ярослав ярославович,Returning from the horde died on the road the great Vladimir prince Yaroslav Yaroslavovich
157,samples_with_noise_snr5/common_voice_uk_25828714_hallway.wav,"повертаючись із орди, помер в дорозі великий володимирський князь ярослав ярославович",hallway,повертаючись із орди помер в дорозі великий володимирський князь ярослав ярославович,Returning from the horde died on the road the great Vladimir prince Yaroslav Yaroslavovich
158,samples_with_noise_snr5/common_voice_uk_25828714_kitchen.wav,"повертаючись із орди, помер в дорозі великий володимирський князь ярослав ярославович",kitchen,повертаючись із орди помер в дорозі великий володимирський князь ярослав ярославович,Returning from the horde died on the road the great Vladimir prince Yaroslav Yaroslavovich
159,samples_with_noise_snr5/common_voice_uk_25828714_living.wav,"повертаючись із орди, помер в дорозі великий володимирський князь ярослав ярославович",living,повертаючись із орди помер в дорозі великий володимирський князь ярослав ярославович,Returning from the horde died on the road the great Vladimir prince Yaroslav Yaroslavovich
160,samples_with_noise_snr5/common_voice_uk_25828714_meeting.wav,"повертаючись із орди, помер в дорозі великий володимирський князь ярослав ярославович",meeting,повертаючись із орди помер в дорозі великий володимирський князь яросав ярослава ложкофіллегі,Returning from the horde died on the road the great Vladimir prince Yaroslav spoonfillegi
161,samples_with_noise_snr5/common_voice_uk_25828714_metro.wav,"повертаючись із орди, помер в дорозі великий володимирський князь ярослав ярославович",metro,повертаючись із орди помер в дорозі великий володимирський князь ярослав ярославович,Returning from the horde died on the road the great Vladimir prince Yaroslav Yaroslavovich
162,samples_with_noise_snr5/common_voice_uk_25828714_office.wav,"повертаючись із орди, помер в дорозі великий володимирський князь ярослав ярославович",office,повертаючись із орди помер в дорозі великий володимирський князь ярослав ярославович,Returning from the horde died on the road the great Vladimir prince Yaroslav Yaroslavovich
163,samples_with_noise_snr5/common_voice_uk_25828714_park.wav,"повертаючись із орди, помер в дорозі великий володимирський князь ярослав ярославович",park,повертаючись із орди помер в дорозі воли воімирський князь ярослав ярославович,Returning from the horde died in the way of the will of the Prince Yaroslav Yaroslavovich
164,samples_with_noise_snr5/common_voice_uk_25828714_resto.wav,"повертаючись із орди, помер в дорозі великий володимирський князь ярослав ярославович",resto,повертаючись із орди помер у дорозі великий батамирьій князь ярослав ярослава,Returning from the horde died on the road the great batamyrius Prince Yaroslav Yaroslav
165,samples_with_noise_snr5/common_voice_uk_25828714_river.wav,"повертаючись із орди, помер в дорозі великий володимирський князь ярослав ярославович",river,повертаючись із орди помер в дорозі великий володимирський князь ярослав ярославович,Returning from the horde died on the road the great Vladimir prince Yaroslav Yaroslavovich
166,samples_with_noise_snr5/common_voice_uk_25828714_square.wav,"повертаючись із орди, помер в дорозі великий володимирський князь ярослав ярославович",square,повертаючись із орди помер в дорозі великий володимирський князь ярослав ярославович,Returning from the horde died on the road the great Vladimir prince Yaroslav Yaroslavovich
167,samples_with_noise_snr5/common_voice_uk_25828714_station.wav,"повертаючись із орди, помер в дорозі великий володимирський князь ярослав ярославович",station,повертаючись із орди помер в дорозі великий володимир кий князь ярослав ярославович,Returning from the horde died on the road the great Vladimir Prince Yaroslav Yaroslavovich
168,samples_with_noise_snr5/common_voice_uk_25828714_traffic.wav,"повертаючись із орди, помер в дорозі великий володимирський князь ярослав ярославович",traffic,повертаючись із орди помер в дорозі великий володимирський князь ярослав ярославович,Returning from the horde died on the road the great Vladimir prince Yaroslav Yaroslavovich
169,samples_with_noise_snr5/common_voice_uk_25828714_washing.wav,"повертаючись із орди, помер в дорозі великий володимирський князь ярослав ярославович",washing,повертаючись із орди помер в дорозі великий володимирський князь ярослав ярославович,Returning from the horde died on the road the great Vladimir prince Yaroslav Yaroslavovich
170,samples_with_noise_snr5/common_voice_uk_33339057_bus.wav,господь вислухав їх молитви,bus,по з поль високі полотнах мене,by Paul High canvases me
171,samples_with_noise_snr5/common_voice_uk_33339057_cafeteria.wav,господь вислухав їх молитви,cafeteria,господь би собі коли а на,If God were on a
172,samples_with_noise_snr5/common_voice_uk_33339057_car.wav,господь вислухав їх молитви,car,про з поль би слухав їх побити,About Paul would listen to beat them
173,samples_with_noise_snr5/common_voice_uk_33339057_field.wav,господь вислухав їх молитви,field,а з поль би слухав їх коли ти,Paul would listen to you.
174,samples_with_noise_snr5/common_voice_uk_33339057_hallway.wav,господь вислухав їх молитви,hallway,господь вислухав їх молитва,God listened to their prayer.
175,samples_with_noise_snr5/common_voice_uk_33339057_kitchen.wav,господь вислухав їх молитви,kitchen,про з поль вислухав лісовики,About Paul listened to the foresters
176,samples_with_noise_snr5/common_voice_uk_33339057_living.wav,господь вислухав їх молитви,living,господь вислухав їх политі,God listened to them.
177,samples_with_noise_snr5/common_voice_uk_33339057_meeting.wav,господь вислухав їх молитви,meeting,а осавул до сам їх поли аудаслискив ловці вони і,and drained to their very poles the audaslicious trap they and
178,samples_with_noise_snr5/common_voice_uk_33339057_metro.wav,господь вислухав їх молитви,metro,господь би уха їх ловити,God would catch them.
179,samples_with_noise_snr5/common_voice_uk_33339057_office.wav,господь вислухав їх молитви,office,про з поль вислухав їх ловити,About Paul listened to them catch
180,samples_with_noise_snr5/common_voice_uk_33339057_park.wav,господь вислухав їх молитви,park,вас поль висловів полотна,the Field of Expressions
181,samples_with_noise_snr5/common_voice_uk_33339057_resto.wav,господь вислухав їх молитви,resto,осколки сіли,Shards
182,samples_with_noise_snr5/common_voice_uk_33339057_river.wav,господь вислухав їх молитви,river,вас поль вислухав їх побити,Paul listened to them.
183,samples_with_noise_snr5/common_voice_uk_33339057_square.wav,господь вислухав їх молитви,square,вас поль би слухав їх ловити,Paul would listen to them.
184,samples_with_noise_snr5/common_voice_uk_33339057_station.wav,господь вислухав їх молитви,station,вас поль би біг побити,Paul would run to beat you
185,samples_with_noise_snr5/common_voice_uk_33339057_traffic.wav,господь вислухав їх молитви,traffic,про з поль вислухав їх коли ти,Paul listened to you.
186,samples_with_noise_snr5/common_voice_uk_33339057_washing.wav,господь вислухав їх молитви,washing,про з поль би слухав їх ловити,Paul would listen to them.
187,samples_with_noise_snr5/common_voice_uk_21349472_bus.wav,взяти ноги на плечі,bus,взяти ноги на всречі того,Take your feet on the edge of that
188,samples_with_noise_snr5/common_voice_uk_21349472_cafeteria.wav,взяти ноги на плечі,cafeteria,взяти ноги на освячені,take feet on sanctified
189,samples_with_noise_snr5/common_voice_uk_21349472_car.wav,взяти ноги на плечі,car,взяти ноги на плечі,Get your feet on your shoulder.
190,samples_with_noise_snr5/common_voice_uk_21349472_field.wav,взяти ноги на плечі,field,взяти ноги на плечі,Get your feet on your shoulder.
191,samples_with_noise_snr5/common_voice_uk_21349472_hallway.wav,взяти ноги на плечі,hallway,взяти ноги на плечі,Get your feet on your shoulder.
192,samples_with_noise_snr5/common_voice_uk_21349472_kitchen.wav,взяти ноги на плечі,kitchen,взяти ноги на плечі,Get your feet on your shoulder.
193,samples_with_noise_snr5/common_voice_uk_21349472_living.wav,взяти ноги на плечі,living,взяти ноги на плечі,Get your feet on your shoulder.
194,samples_with_noise_snr5/common_voice_uk_21349472_meeting.wav,взяти ноги на плечі,meeting,взяти ноги на речі а у досі,Take your feet on things and still
195,samples_with_noise_snr5/common_voice_uk_21349472_metro.wav,взяти ноги на плечі,metro,взяти ноги на плечі,Get your feet on your shoulder.
196,samples_with_noise_snr5/common_voice_uk_21349472_office.wav,взяти ноги на плечі,office,взяти ноги на плечі,Get your feet on your shoulder.
197,samples_with_noise_snr5/common_voice_uk_21349472_park.wav,взяти ноги на плечі,park,взяти ноги ні речі,take feet no things
198,samples_with_noise_snr5/common_voice_uk_21349472_resto.wav,взяти ноги на плечі,resto,взяти ноги не меч,Feet are not a sword.
199,samples_with_noise_snr5/common_voice_uk_21349472_river.wav,взяти ноги на плечі,river,взяти ноги на плечі,Get your feet on your shoulder.
200,samples_with_noise_snr5/common_voice_uk_21349472_square.wav,взяти ноги на плечі,square,взяти ноги на плечі,Get your feet on your shoulder.
201,samples_with_noise_snr5/common_voice_uk_21349472_station.wav,взяти ноги на плечі,station,взяти ноги на плечі,Get your feet on your shoulder.
202,samples_with_noise_snr5/common_voice_uk_21349472_traffic.wav,взяти ноги на плечі,traffic,взяти ноги на плечі,Get your feet on your shoulder.
203,samples_with_noise_snr5/common_voice_uk_21349472_washing.wav,взяти ноги на плечі,washing,взяти ноги на плечі,Get your feet on your shoulder.
204,samples_with_noise_snr5/common_voice_uk_27109869_bus.wav,туди за районного отамана кузь- менко піде,bus,туди за районного отамана козьменкапіє,the District Ataman Kozmenkapie
205,samples_with_noise_snr5/common_voice_uk_27109869_cafeteria.wav,туди за районного отамана кузь- менко піде,cafeteria,туди за районного отамана кожьменкавід,the District of Ataman
206,samples_with_noise_snr5/common_voice_uk_27109869_car.wav,туди за районного отамана кузь- менко піде,car,туди за районного отамана козьменка піде,there for the district Ataman Kozmenko
207,samples_with_noise_snr5/common_voice_uk_27109869_field.wav,туди за районного отамана кузь- менко піде,field,туди за районного отамана козьменка піде,there for the district Ataman Kozmenko
208,samples_with_noise_snr5/common_voice_uk_27109869_hallway.wav,туди за районного отамана кузь- менко піде,hallway,туди за районного отамана кузь менко піде,There for the district Ataman Kuz Menco will go
209,samples_with_noise_snr5/common_voice_uk_27109869_kitchen.wav,туди за районного отамана кузь- менко піде,kitchen,туди за районного сама на козьменка піде,There for the district itself on the goat will go
210,samples_with_noise_snr5/common_voice_uk_27109869_living.wav,туди за районного отамана кузь- менко піде,living,туди за районного отамана кузь менко піде,There for the district Ataman Kuz Menco will go
211,samples_with_noise_snr5/common_voice_uk_27109869_meeting.wav,туди за районного отамана кузь- менко піде,meeting,а ото люди за районного отамана козьменкобі весь ліків хлопці до них,And here are the people for the district Ataman Kozmenkobi all the medicine guys before them
212,samples_with_noise_snr5/common_voice_uk_27109869_metro.wav,туди за районного отамана кузь- менко піде,metro,туди за районного отамана козьменка піде,there for the district Ataman Kozmenko
213,samples_with_noise_snr5/common_voice_uk_27109869_office.wav,туди за районного отамана кузь- менко піде,office,туди за районного отамана козьменка піде,there for the district Ataman Kozmenko
214,samples_with_noise_snr5/common_voice_uk_27109869_park.wav,туди за районного отамана кузь- менко піде,park,туди за районного отамана козменкатуеяа і,the District of Ataman and Kozmenkatueya
215,samples_with_noise_snr5/common_voice_uk_27109869_resto.wav,туди за районного отамана кузь- менко піде,resto,туди за районного отамана кузь менко ти,the Ataman District Council
216,samples_with_noise_snr5/common_voice_uk_27109869_river.wav,туди за районного отамана кузь- менко піде,river,туди за районного отамана козьменка піде,there for the district Ataman Kozmenko
217,samples_with_noise_snr5/common_voice_uk_27109869_square.wav,туди за районного отамана кузь- менко піде,square,туди за районного отамана козьменка піде,there for the district Ataman Kozmenko
218,samples_with_noise_snr5/common_voice_uk_27109869_station.wav,туди за районного отамана кузь- менко піде,station,туди за районного отамана козменкапийде,the District Ataman Kozmenkapiyde
219,samples_with_noise_snr5/common_voice_uk_27109869_traffic.wav,туди за районного отамана кузь- менко піде,traffic,туди за районного отамана козьменкапійде,the District Ataman Kozmenkapide
220,samples_with_noise_snr5/common_voice_uk_27109869_washing.wav,туди за районного отамана кузь- менко піде,washing,туди за районного отамана козьменка піде,there for the district Ataman Kozmenko
221,samples_with_noise_snr5/common_voice_uk_28744536_bus.wav,що пропаду от лиш не видно,bus,що пропаду латиш не виду,I don't think I'm going to miss Latish.
222,samples_with_noise_snr5/common_voice_uk_28744536_cafeteria.wav,що пропаду от лиш не видно,cafeteria,що пропаду а пишне лузі,that I'm going to disappear a magnificent meadow
223,samples_with_noise_snr5/common_voice_uk_28744536_car.wav,що пропаду от лиш не видно,car,що пропаду от лиш не видно,I can't see what's missing.
224,samples_with_noise_snr5/common_voice_uk_28744536_field.wav,що пропаду от лиш не видно,field,що пропаду от лиш не видно,I can't see what's missing.
225,samples_with_noise_snr5/common_voice_uk_28744536_hallway.wav,що пропаду от лиш не видно,hallway,що пропаду от лиш не виду,I just don't look like I'm missing.
226,samples_with_noise_snr5/common_voice_uk_28744536_kitchen.wav,що пропаду от лиш не видно,kitchen,що пропаду от лиш не виду,I just don't look like I'm missing.
227,samples_with_noise_snr5/common_voice_uk_28744536_living.wav,що пропаду от лиш не видно,living,що пропаду а пишне виду,that I will disappear a magnificent sight
228,samples_with_noise_snr5/common_voice_uk_28744536_meeting.wav,що пропаду от лиш не видно,meeting,що пропаду латиш на воді,that I'll miss the latish on the water
229,samples_with_noise_snr5/common_voice_uk_28744536_metro.wav,що пропаду от лиш не видно,metro,що пропаду от лиш не виду,I just don't look like I'm missing.
230,samples_with_noise_snr5/common_voice_uk_28744536_office.wav,що пропаду от лиш не видно,office,що пропаду от лиш не виду,I just don't look like I'm missing.
231,samples_with_noise_snr5/common_voice_uk_28744536_park.wav,що пропаду от лиш не видно,park,що пропаду от лиш не видно,I can't see what's missing.
232,samples_with_noise_snr5/common_voice_uk_28744536_resto.wav,що пропаду от лиш не видно,resto,що пропаду по слушні люди,that I'm missing the right people
233,samples_with_noise_snr5/common_voice_uk_28744536_river.wav,що пропаду от лиш не видно,river,що пропаду от лиш не видно,I can't see what's missing.
234,samples_with_noise_snr5/common_voice_uk_28744536_square.wav,що пропаду от лиш не видно,square,що пропаду от лиш не визнав,I just didn't admit it.
235,samples_with_noise_snr5/common_voice_uk_28744536_station.wav,що пропаду от лиш не видно,station,що пропаду по слушне виду,that I'm missing in the right way
236,samples_with_noise_snr5/common_voice_uk_28744536_traffic.wav,що пропаду от лиш не видно,traffic,що пропаду от лиш не виду,I just don't look like I'm missing.
237,samples_with_noise_snr5/common_voice_uk_28744536_washing.wav,що пропаду от лиш не видно,washing,що пропаду от лиш не видно,I can't see what's missing.
238,samples_with_noise_snr5/common_voice_uk_21639338_bus.wav,іде в три дороги,bus,іде в три дороги,It goes three ways.
239,samples_with_noise_snr5/common_voice_uk_21639338_cafeteria.wav,іде в три дороги,cafeteria,іде в три дороги,It goes three ways.
240,samples_with_noise_snr5/common_voice_uk_21639338_car.wav,іде в три дороги,car,іде в три дороги,It goes three ways.
241,samples_with_noise_snr5/common_voice_uk_21639338_field.wav,іде в три дороги,field,іде в три дороги,It goes three ways.
242,samples_with_noise_snr5/common_voice_uk_21639338_hallway.wav,іде в три дороги,hallway,іде в три дороги,It goes three ways.
243,samples_with_noise_snr5/common_voice_uk_21639338_kitchen.wav,іде в три дороги,kitchen,іде в три дороги,It goes three ways.
244,samples_with_noise_snr5/common_voice_uk_21639338_living.wav,іде в три дороги,living,іде в три дороги,It goes three ways.
245,samples_with_noise_snr5/common_voice_uk_21639338_meeting.wav,іде в три дороги,meeting,іде в три дороги а у до,There are three ways to go.
246,samples_with_noise_snr5/common_voice_uk_21639338_metro.wav,іде в три дороги,metro,іде в три дороги,It goes three ways.
247,samples_with_noise_snr5/common_voice_uk_21639338_office.wav,іде в три дороги,office,іде в три дороги,It goes three ways.
248,samples_with_noise_snr5/common_voice_uk_21639338_park.wav,іде в три дороги,park,іде трої дороги,The Three Roads
249,samples_with_noise_snr5/common_voice_uk_21639338_resto.wav,іде в три дороги,resto,іде трої дороги,The Three Roads
250,samples_with_noise_snr5/common_voice_uk_21639338_river.wav,іде в три дороги,river,іде в три дороги,It goes three ways.
251,samples_with_noise_snr5/common_voice_uk_21639338_square.wav,іде в три дороги,square,іде в три дороги,It goes three ways.
252,samples_with_noise_snr5/common_voice_uk_21639338_station.wav,іде в три дороги,station,іде в три дороги,It goes three ways.
253,samples_with_noise_snr5/common_voice_uk_21639338_traffic.wav,іде в три дороги,traffic,іде в три дороги,It goes three ways.
254,samples_with_noise_snr5/common_voice_uk_21639338_washing.wav,іде в три дороги,washing,іде в три дороги,It goes three ways.
